{
 "canvas": [
  1024,
  1278
 ],
 "pet1": {
  "pos": [
   708,
   758
  ],
  "size": [
   273,
   394
  ]
 },
 "pet2": {
  "pos": [
   708,
   758
  ],
  "size": [
   273,
   394
  ]
 },
 "body_open": {
  "pos": [
   336,
   851
  ],
  "size": [
   344,
   345
  ]
 },
 "head": {
  "pos": [
   76,
   12
  ],
  "size": [
   867,
   897
  ]
 },
 "pupils": {
  "pos": [
   321,
   644
  ],
  "size": [
   377,
   131
  ]
 },
 "lashes": {
  "pos": [
   259,
   590
  ],
  "size": [
   500,
   163
  ]
 },
 "eyes_closed": {
  "pos": [
   257,
   573
  ],
  "size": [
   503,
   219
  ]
 },
 "smile": {
  "pos": [
   275,
   659
  ],
  "size": [
   466,
   134
  ]
 },
 "hair": {
  "pos": [
   317,
   370
  ],
  "size": [
   404,
   376
  ]
 },
 "arm_key": {
  "pos": [
   599,
   941
  ],
  "size": [
   198,
   165
  ]
 },
 "arm_right_typing": {
  "pos": [
   445,
   974
  ],
  "size": [
   260,
   136
  ]
 },
 "arm_right": {
  "pos": [
   242,
   929
  ],
  "size": [
   182,
   132
  ],
  "top": [
   163.70666666666668,
   2.0
  ],
  "bottom": [
   59.888888888888886,
   129.0
  ]
 },
 "arm_pen": {
  "pos": [
   252,
   946
  ],
  "size": [
   52,
   124
  ],
  "pen_tip": [
   47.0,
   122.0
  ]
 },
 "desk": {
  "pos": [
   0,
   0
  ],
  "size": [
   1024,
   1278
  ]
 },
 "overlays": [
  "lashes",
  "eyes_closed",
  "hair"
 ]
}